topic,2020-01,2020-02,2020-03,2020-04,2020-05,2020-06,2020-07,2020-08,2020-09,2020-10,2020-11,2020-12,2021-01,2021-02,2021-03,2021-04,2021-05,2021-06,2021-07,2021-08,2021-09,2021-10,2021-11,2021-12,2022-01,2022-02,2022-03,2022-04,2022-05,2022-06,2022-07,2022-08,2022-09,2022-10,2022-11,2022-12
CAPAIAN_OUTPUT,2.0,0.0,1.0,0.0,1.0,3.0,4.0,2.0,1.0,1.0,2.0,3.0,1.0,0.0,8.0,0.0,3.0,0.0,1.0,3.0,2.0,2.0,1.0,0.0,0.0,0.0,0.0,1.0,1.0,0.0,0.0,1.0,1.0,0.0,0.0,0.0
DIGIT,4.0,7.0,10.0,10.0,2.0,6.0,8.0,5.0,6.0,10.0,4.0,9.0,19.0,7.0,13.0,20.0,19.0,23.0,6.0,10.0,16.0,10.0,17.0,28.0,28.0,16.0,31.0,32.0,28.0,26.0,10.0,18.0,55.0,24.0,29.0,12.0
GPP,7.0,5.0,10.0,6.0,21.0,10.0,4.0,7.0,8.0,5.0,4.0,4.0,7.0,7.0,7.0,4.0,10.0,4.0,1.0,6.0,16.0,9.0,8.0,2.0,2.0,2.0,2.0,9.0,16.0,8.0,2.0,3.0,11.0,5.0,10.0,4.0
KONTRAK,1.0,2.0,5.0,5.0,5.0,4.0,5.0,6.0,1.0,1.0,0.0,2.0,1.0,1.0,4.0,4.0,1.0,5.0,1.0,3.0,3.0,4.0,5.0,3.0,2.0,2.0,0.0,3.0,0.0,2.0,3.0,0.0,0.0,1.0,1.0,1.0
LAINNYA,45.0,54.0,63.0,49.0,54.0,62.0,52.0,73.0,69.0,69.0,53.0,51.0,46.0,72.0,58.0,52.0,45.0,67.0,84.0,60.0,67.0,70.0,78.0,70.0,67.0,62.0,54.0,61.0,51.0,42.0,43.0,50.0,48.0,50.0,65.0,52.0
LPJ_BENDAHARA,3.0,9.0,10.0,3.0,3.0,3.0,4.0,5.0,4.0,1.0,2.0,4.0,2.0,14.0,4.0,1.0,5.0,4.0,2.0,5.0,8.0,1.0,4.0,1.0,5.0,8.0,1.0,6.0,4.0,4.0,0.0,0.0,0.0,0.0,2.0,0.0
MPN_G3,4.0,3.0,1.0,2.0,5.0,2.0,3.0,0.0,3.0,1.0,3.0,3.0,0.0,1.0,3.0,1.0,4.0,2.0,1.0,5.0,3.0,1.0,2.0,4.0,17.0,8.0,5.0,6.0,6.0,4.0,2.0,5.0,5.0,5.0,2.0,11.0
OMSPAN,36.0,25.0,30.0,19.0,17.0,23.0,19.0,31.0,34.0,38.0,43.0,19.0,23.0,21.0,21.0,18.0,15.0,16.0,21.0,22.0,27.0,33.0,25.0,27.0,8.0,14.0,7.0,16.0,19.0,7.0,8.0,17.0,10.0,8.0,9.0,6.0
PIN_PPSPM,0.0,1.0,0.0,1.0,0.0,1.0,4.0,0.0,1.0,3.0,1.0,1.0,3.0,1.0,0.0,2.0,1.0,1.0,0.0,2.0,1.0,1.0,2.0,2.0,0.0,1.0,3.0,3.0,2.0,3.0,0.0,0.0,0.0,0.0,2.0,1.0
PMRT,3.0,2.0,2.0,2.0,0.0,2.0,0.0,1.0,0.0,1.0,1.0,1.0,0.0,1.0,3.0,1.0,2.0,1.0,1.0,1.0,0.0,1.0,2.0,2.0,0.0,0.0,0.0,0.0,0.0,0.0,0.0,0.0,0.0,0.0,1.0,0.0
REVISI_DIPA,3.0,8.0,1.0,0.0,3.0,4.0,1.0,4.0,4.0,3.0,5.0,4.0,4.0,2.0,1.0,0.0,4.0,4.0,4.0,4.0,2.0,4.0,2.0,2.0,3.0,1.0,2.0,3.0,1.0,0.0,1.0,3.0,1.0,1.0,3.0,0.0
SAKTI,102.0,120.0,75.0,61.0,68.0,58.0,86.0,63.0,56.0,70.0,65.0,73.0,83.0,77.0,58.0,80.0,92.0,89.0,63.0,71.0,57.0,52.0,50.0,68.0,83.0,92.0,114.0,86.0,89.0,107.0,161.0,141.0,96.0,123.0,87.0,100.0
SAS,7.0,11.0,8.0,3.0,2.0,5.0,5.0,2.0,3.0,1.0,3.0,2.0,4.0,5.0,4.0,7.0,2.0,2.0,3.0,4.0,1.0,2.0,0.0,2.0,3.0,0.0,0.0,0.0,0.0,1.0,0.0,0.0,0.0,0.0,0.0,0.0
SIMASPATEN,0.0,0.0,0.0,0.0,0.0,0.0,0.0,3.0,5.0,1.0,3.0,0.0,5.0,2.0,1.0,3.0,5.0,4.0,2.0,4.0,2.0,3.0,3.0,1.0,1.0,1.0,3.0,3.0,4.0,6.0,2.0,5.0,10.0,3.0,9.0,2.0
SP2D,3.0,3.0,3.0,2.0,5.0,7.0,4.0,2.0,1.0,1.0,3.0,5.0,4.0,2.0,4.0,3.0,4.0,5.0,6.0,3.0,7.0,4.0,0.0,5.0,4.0,6.0,0.0,1.0,1.0,1.0,2.0,3.0,0.0,0.0,1.0,3.0
SPAN,32.0,20.0,26.0,32.0,23.0,21.0,13.0,21.0,18.0,20.0,15.0,31.0,18.0,21.0,24.0,18.0,12.0,15.0,23.0,23.0,25.0,25.0,26.0,17.0,15.0,10.0,19.0,7.0,16.0,18.0,8.0,13.0,12.0,11.0,10.0,7.0
SPM,12.0,8.0,13.0,19.0,24.0,19.0,14.0,10.0,13.0,14.0,8.0,25.0,5.0,15.0,11.0,21.0,14.0,7.0,12.0,7.0,18.0,12.0,16.0,10.0,13.0,10.0,5.0,12.0,4.0,8.0,2.0,4.0,6.0,9.0,13.0,12.0
SUPPLIER,1.0,1.0,1.0,4.0,0.0,0.0,1.0,1.0,0.0,2.0,1.0,3.0,1.0,1.0,2.0,3.0,2.0,1.0,3.0,1.0,1.0,1.0,3.0,0.0,2.0,3.0,1.0,0.0,1.0,1.0,0.0,2.0,0.0,2.0,0.0,0.0
UP_TUP_GUP,1.0,0.0,0.0,0.0,0.0,0.0,0.0,0.0,0.0,0.0,1.0,0.0,1.0,0.0,0.0,0.0,0.0,0.0,0.0,0.0,0.0,0.0,0.0,0.0,14.0,6.0,0.0,2.0,1.0,0.0,0.0,1.0,0.0,0.0,0.0,4.0
