bigram,frequency
menggunakan terintegrasi,10040
atas penyampaian,3632
perkenan memberikan,3631
memberikan atas,3626
bahan evaluasi,3620
evaluasi atas,3618
atas kualitas,3617
kualitas perkenan,3613
masing masing,3560
maksud pertanyaan,3520
pertanyaan lanjutan,3513
apabila memenuhi,3507
memenuhi maksud,3497
kementerian keuangan,3497
kemudian bahan,3495
lanjutan kemudian,3482
disilakan pertanyaan,3471
menteri keuangan,3470
pertanyaan disilakan,3468
sesuai keputusan,3299
keputusan menteri,3297
keuangan kmk,3291
sistem nama,3281
eselon memiliki,3280
unit tik,3279
tik eselon,3279
memiliki sistem,3279
masing menambahkan,3279
menambahkan pernyataan,3279
keuangan unit,3278
nama domain,3278
domain masing,3278
lingkungan kementerian,3231
penting sesuai,3207
kmk pengelolaan,3103
pengelolaan keamanan,3103
keamanan lingkungan,3103
attach image,2139
terintegrasi sehubungan,1422
aplikasi sakti,1298
sehubungan pertanyaan,1261
maaf atas,1236
selamat pagi,1079
selamat siang,1061
menulis penting,1002
upload png,936
terintegrasi maaf,877
terintegrasi berikut,638
kata sandi,596
call center,594
atas ketidaknyamanannya,592
pukul menulis,577
subsidi bunga,542
berikut riwayat,539
riwayat percakapan,539
percakapan via,539
image png,532
izin bertanya,528
selamat sore,508
berikut lampirkan,499
satuan kerja,498
atas bantuannya,491
aset tetap,488
data pendukung,485
capaian output,457
live chat,457
lebih lanjut,453
kpp pratama,450
akun digit,439
terintegrasi baik,411
login digit,409
mitra kerja,401
penyampaian terimakasih,391
gmail com,363
atas perhatian,363
bendahara pengeluaran,360
perjalanan dinas,355
atas nama,351
melampirkan data,328
direktorat jenderal,325
tahun anggaran,322
terintegrasi terkait,322
mempermudah penyelesaian,321
pmk pmk,320
bagaimana cara,316
atas permasalahan,315
via call,310
atas perhatiannya,306
aplikasi gpp,306
kanan atas,305
terkait tersebut,300
saldo awal,297
halaman web,296
png attach,295
web digit,295
adk spm,294
mengajukan permasalahan,292
revisi dipa,291
menggunakan akun,290
pojok kanan,289
disampaikan atas,289
permasalahan jelas,289
pendukung permasalahan,288
jelas detail,287
ubah profil,287
aplikasi span,286
permasalahan tersebut,286
sebagaimana terlampir,285
kirimkan screenshoot,285
spm tersebut,284
tutup buku,283
silakan melakukan,281
permasalahan kirimkan,280
jenderal perbendaharaan,279
langkah berikut,274
salah satu,273
data supplier,273
penggunaan akun,270
data kontrak,268
reset menjadi,266
atas ketidaknyamananya,264
tim teknis,253
bulan juni,251
penerimaan negara,250
one another,250
love one,249
dak fisik,246
kerja pertanyaan,243
modul aset,243
perubahan sakti,242
aplikasi sas,238
mengakses aplikasi,238
gaji induk,236
menjadi ssw,236
pastedimage png,234
sebagaimana dimaksud,233
ijin bertanya,231
dana desa,231
bertanya terkait,228
kode nama,228
terintegrasi digit,228
modul persediaan,227
terintegrasi silahkan,226
tata cara,226
bulan mei,226
barang jasa,225
akun belanja,225
apabila terdapat,221
via live,221
pengembalian belanja,219
terimakasih atas,215
tersebut dilakukan,213
klik menu,210
bulan januari,208
melakukan pengecekan,207
data tersebut,206
atas tersebut,203
silakan login,199
ketidaknyamananya terkait,198
telp fax,197
melakukan perekaman,195
sandi tersebut,194
sesuai ketentuan,193
terintegrasi silakan,192
perubahan data,192
atas bantuan,191
tindak lanjut,190
sebelumnya maaf,189
akun kata,186
aplikasi terintegrasi,186
internet lingkungan,185
kode barang,184
jakarta dieskalasi,184
upload adk,182
semua form,182
aplikasi omspan,181
laporan keuangan,181
png apabila,180
reset akun,180
bulan juli,178
transaksi tersebut,178
disampaikan melalui,178
lalu simpan,178
membalas melampirkan,177
pasal ayat,177
terintegrasi berdasarkan,176
atas halaman,176
best regards,175
modul komitmen,174
pengguna aplikasi,174
form isian,173
update silakan,173
silakan isi,173
nama nip,172
modul glp,172
uang makan,172
tanggung jawab,172
you that,172
pendaftaran sakti,171
menu pojok,171
submenu ubah,171
muncul form,171
isian biodata,171
biodata update,171
isi semua,171
form ganti,171
ganti lalu,171
screenshoot apabila,171
melakukan perubahan,170
terimakasih penting,170
digit pilih,170
pilih submenu,170
muncul notifikasi,168
kantor pelayanan,168
wrote penting,168
solusi atas,167
iii dipa,167
terintegrasi membalas,167
terintegrasi sesuai,165
terkait informasikan,165
peraturan menteri,164
pertanyaan reset,164
tersebut lakukan,162
terintegrasi data,162
nota dinas,160
pegawai negeri,160
tersebut silakan,160
sumber dana,159
terintegrasi apabila,159
reset digit,159
melalui aplikasi,157
asal kode,156
aplikasi sprint,155
tersebut apabila,155
unit asal,155
menggunakan kedinasan,155
lalu klik,155
terintegrasi mengajukan,154
pendukung mempermudah,154
detail disertai,153
adk lpj,152
disertai data,152
terkait pertanyaan,152
melalui menu,152
akun tersebut,151
perbendaharaan negara,151
selamat malam,150
bulan desember,149
bantuannya diucapkan,149
koreksi spm,149
penyelesaian berikut,149
ditjen perbendaharaan,147
terintegrasi sebelumnya,147
bendahara penerimaan,146
atas transaksi,146
kekurangan gaji,145
dilakukan perubahan,145
kode andademikian,145
you don,145
don often,145
often get,145
get from,145
learn why,145
why this,145
this important,145
jabatan fungsional,144
profil klik,144
pengajuan spm,143
pegawai tersebut,143
direktur jenderal,143
berikut mengajukan,143
digit nip,142
sakti web,142
pengelolaan pengguna,141
terdapat selisih,141
terkait permasalahan,141
ssw silakan,141
tagihan subsidi,141
lpj bendahara,140
uang muka,140
tersebut muncul,140
pelayanan perbendaharaan,140
subsidi margin,140
bantuannya ucapkan,139
belanja modal,139
dimaksud tujuan,139
spm koreksi,139
kementerian agama,139
bagaimana solusinya,138
png terimakasih,137
perhatian kerjasamanya,137
supplier tipe,137
username nip,136
spp spm,135
kesediaannya menunggu,134
mengikuti langkah,134
bulan april,134
langkah langkah,133
belanja barang,133
penyelesaian melampirkan,133
data pegawai,132
modul bendahara,131
dilakukan pengecekan,131
silakan mengikuti,131
digit login,131
form pendaftaran,130
revisi anggaran,129
melakukan langkah,129
perhatiannya diucapkan,128
hasil rekon,128
rekening koran,128
terdapat kesalahan,128
melakukan revisi,127
melakukan koreksi,127
terdapat perbedaan,127
masuk halaman,127
gaji terusan,126
perubahan dilakukan,126
bulan agustus,126
kantor pusat,125
tersebut atas,125
pagi izin,125
gpp terpusat,125
pertanyaan saudara,125
com learn,125
menu monitoring,124
perintah bayar,124
spm gaji,124
jurnal manual,124
menu ubah,124
seksi bank,123
berkenaan pertanyaan,123
pembayaran gaji,123
digit baru,123
detail melampirkan,123
terintegrasi dilakukan,122
perhatiannya ucapkan,122
bulan maret,122
lakukan langkah,122
ppk ppspm,121
klik muncul,121
keuangan pmk,121
simpan silakan,121
silakan logout,121
bunga subsidi,121
penyampaian baik,121
whatsapp image,120
lakukan perubahan,120
menginformasikan kode,120
petunjuk teknis,119
siang izin,119
bentuk pdf,119
pelaksanaan anggaran,119
atas keterlambatan,119
atas pertanyaan,119
berikut ketik,119
ketik url,119
url digit,119
digit browser,119
browser digit,119
digit klik,119
akses menu,119
digit dilakukan,119
spm gup,118
silahkan lakukan,118
simpan simpan,118
atas spm,117
png penting,117
adk gpp,117
terkait ketentuan,117
atas bast,117
logout digit,117
nip kode,117
berikut attach,116
langkah tersebut,116
unit kerja,116
kiranya membalas,116
mengajukan reset,115
terintegrasi berkenaan,115
digit reset,115
sebelumnya masuk,115
pembayaran subsidi,115
halaman iii,114
berikan sebelumnya,114
selamat beraktivitas,114
kepala seksi,113
data transaksi,113
tersebut terimakasih,113
bulan oktober,113
kredit pembiayaan,113
persediaan aset,113
sisa dana,112
lakukan pengecekan,112
kas tunai,112
mengajukan spm,112
dilakukan perbaikan,112
perlu dilakukan,111
proses reset,111
google com,110
akses digit,110
simak bmn,109
hari kerja,109
belanja pegawai,109
tersebut saudara,109
menghubungi selamat,109
bast tersebut,109
perbendaharaan per,108
akses aplikasi,108
kode akun,108
profil pojok,108
terkena validasi,108
silakan lakukan,107
nip nik,107
kepala kantor,107
silahkan cek,107
pratama jakarta,107
tersebut mengakses,107
kredit program,107
data tagihan,107
kmk penggunaan,106
sandi intranet,106
intranet internet,106
data dukung,106
data gaji,106
apa lakukan,106
aplikasi simaspaten,106
data sikp,106
tangkapan layar,105
adk pmrt,105
keuangan apbn,105
digit lainnya,105
copy paste,105
bunga margin,105
dilakukan koreksi,104
timur jakarta,104
pihak ketiga,104
data sakti,104
huruf kecil,104
atas lakukan,104
perubahan lalu,104
reset tersebut,104
penyalur kredit,104
salam bpr,104
laporan detail,104
gambar terlampir,103
pengguna sakti,103
revisi pok,103
huruf besar,103
berikut akses,103
idgunakan username,103
masuk akses,103
klik simpansetelah,103
simpansetelah melakukan,103
saudara mengakses,103
lainnya misal,103
bpr bkk,103
file excel,102
gedung bangunan,102
login menggunakan,102
lapangan banteng,102
update aplikasi,102
langkah selanjutnya,102
digit idgunakan,102
misal sprint,102
sprint ejafung,102
klik tombol,101
banteng timur,101
validasi proses,101
upload ulang,101
aplikasi terkait,101
melakukan copy,101
terdaftar digit,101
ejafung lainnya,101
buku besar,100
luar negeri,100
penyamaan data,100
mau tanya,100
pdf ditandatangani,100
mandiri menggunakan,100
span mcm,100
mcm inhousetrf,100
berikansetelah masuk,100
menggunakan kata,100
kas negara,99
kerjasamanya diucapkan,99
kerjasamanya ucapkan,99
membuat baru,99
melakukan upload,99
gaji ppnpn,99
selama perubahan,99
dilakukan terkena,99
digit terdiri,99
besar huruf,99
kecil angka,99
jangan ragu,99
ragu menghubungi,99
melakukan monitoring,98
bank mandiri,98
saldo akhir,98
negeri sipil,98
