keyword,frequency
atas,19158
masked,18474
menggunakan,15024
pertanyaan,14039
terintegrasi,12761
tersebut,9325
username,9275
keuangan,8945
data,8516
masing,8242
apabila,7560
nama,7152
sesuai,6705
kemudian,6375
berikut,5800
aplikasi,5758
memberikan,5469
penyampaian,5454
sakti,5420
bahan,5325
digit,5317
memenuhi,5288
perkenan,5243
evaluasi,5229
kualitas,5223
maksud,5205
lanjutan,5178
melakukan,5141
unit,5135
terimakasih,5127
disilakan,5030
dilakukan,4962
kementerian,4735
nip,4720
terkait,4684
akun,4541
memiliki,4532
sistem,4525
spm,4298
eselon,4199
menteri,4093
kode,4077
pengelolaan,4021
pernyataan,3980
keputusan,3964
domain,3914
menambahkan,3893
penting,3869
lingkungan,3858
tik,3820
selamat,3812
kmk,3781
keamanan,3722
silakan,3674
image,3490
sehubungan,3257
bantuannya,3103
bulan,3092
menu,3068
terdapat,3054
perubahan,2939
gaji,2931
muncul,2781
permasalahan,2651
transaksi,2625
attach,2589
span,2573
baru,2542
adk,2530
kerja,2515
maaf,2418
pegawai,2394
tahun,2370
proses,2355
melalui,2341
png,2333
pembayaran,2316
terlampir,2293
upload,2289
menjadi,2286
login,2215
sebelumnya,2083
reset,2064
modul,2014
admin,1997
silahkan,1957
rekening,1950
mengajukan,1911
nilai,1906
npwp,1842
bantuan,1812
bendahara,1755
masuk,1753
disampaikan,1751
dimaksud,1709
bank,1678
anggaran,1665
belanja,1631
lakukan,1597
kontrak,1595
aset,1590
baik,1552
bagaimana,1543
koreksi,1538
periode,1527
url,1502
supplier,1494
pagi,1491
sama,1467
ppk,1459
izin,1458
tetap,1456
bast,1449
siang,1434
persediaan,1422
laporan,1401
langkah,1392
revisi,1384
barang,1383
menulis,1342
bertanya,1335
status,1325
saldo,1312
form,1310
spp,1298
tim,1289
kantor,1276
dana,1266
ulang,1250
pmk,1245
perbendaharaan,1236
apa,1228
lainnya,1218
pengguna,1211
negara,1196
berdasarkan,1195
dipa,1189
sebagaimana,1175
lalu,1171
hari,1166
klik,1156
nik,1155
pejabat,1155
lampirkan,1147
cara,1128
pendaftaran,1128
penerimaan,1127
cso,1125
update,1122
salah,1110
perekaman,1107
jakarta,1107
melampirkan,1107
lebih,1097
satu,1093
permintaan,1093
dinas,1093
uang,1088
detail,1087
validasi,1081
terjadi,1070
terdaftar,1062
mau,1060
digunakan,1059
dokumen,1041
web,1038
kesalahan,1024
kata,1023
ubah,1023
cek,1019
sandi,1018
buku,992
solusinya,985
rekon,983
pajak,970
omspan,970
pengecekan,961
pukul,959
per,955
subsidi,948
kegiatan,944
ketentuan,938
saudara,938
kpa,932
selanjutnya,922
perlu,921
gpp,921
simpan,921
petunjuk,905
kanwil,904
pagu,903
tutup,899
membuat,891
output,891
sebesar,883
menunggu,883
solusi,881
lpj,878
kas,877
hasil,876
januari,872
monitoring,870
penggunaan,867
operator,860
semua,851
pendukung,837
kirimkan,836
lama,832
perbaikan,832
via,831
mempermudah,830
selisih,812
ijin,809
lanjut,809
juni,809
mei,807
mitra,804
informasikan,800
awal,793
biaya,792
halaman,789
pnbp,780
tunjangan,778
pelaksanaan,778
akses,777
penyelesaian,776
ketidaknyamanannya,774
center,773
kpp,770
input,769
realisasi,765
jurnal,765
satuan,762
ppnpn,760
sprint,759
desember,756
jabatan,752
dikarenakan,752
huruf,752
pengajuan,746
negeri,744
pihak,744
mengakses,741
call,735
selesai,731
tagihan,727
pilih,725
merupakan,725
screenshoot,723
file,723
pencatatan,718
diberikan,718
waktu,716
konfirmasi,708
berhasil,708
mendapatkan,701
angka,696
penghapusan,694
direktorat,692
pengeluaran,691
sore,690
daftar,689
benar,687
hapus,684
isian,681
hormat,677
pusat,669
percakapan,669
ucapkan,662
ppspm,659
april,659
padahal,658
besar,656
bukti,656
spby,652
mengikuti,650
teknis,649
langsung,647
coba,646
seluruh,646
jadi,642
terlebih,641
membalas,641
jumlah,637
hibah,636
riwayat,634
beberapa,634
keterangan,632
pdf,628
juli,627
jenderal,627
chat,626
dihapus,622
format,618
capaian,618
migrasi,614
tsb,613
notifikasi,609
bunga,609
menghubungi,603
bukan,599
pembuatan,593
jenis,593
bmn,592
profil,588
account,585
sisa,584
sedang,584
min,583
adanya,580
excel,580
segera,579
gagal,579
pastikan,577
non,575
rekam,574
pratama,574
bersama,572
pengembalian,571
mandiri,569
peraturan,567
maret,564
selama,558
diucapkan,556
setoran,553
kepala,552
jasa,552
screenshot,545
dibayarkan,544
sas,543
penolakan,542
jelas,540
dieskalasi,534
referensi,534
februari,534
the,531
from,530
perjalanan,530
perbedaan,529
live,528
berupa,524
simaspaten,523
kredit,522
menginformasikan,521
kak,520
manual,519
you,517
diproses,515
iii,515
usulan,515
seksi,514
mengalami,510
cetak,510
mencoba,508
isi,507
glp,507
kewenangan,507
dikirimkan,502
ssw,495
program,495
desa,493
wilayah,491
menghapus,489
perhatian,488
keluar,484
berikutnya,483
bersangkutan,483
tgl,481
salam,477
asal,475
persetujuan,472
bpr,471
aktif,467
penyesuaian,464
blu,463
maupun,462
jawab,458
provinsi,457
diajukan,456
ganti,456
umum,456
komitmen,453
pns,451
buka,448
terakhir,448
banyak,444
bersifat,444
mekanisme,444
sikp,438
arahan,437
bidang,437
tugas,434
apbn,433
oktober,432
bentuk,429
mengirimkan,428
kedinasan,427
agustus,427
pasal,425
tup,422
gambar,419
kekurangan,419
berbeda,417
kab,417
aktivasi,417
pernah,416
fisik,414
phone,414
kirim,414
tipe,414
kota,414
rangka,413
memang,413
menerima,412
ternyata,411
peserta,411
person,410
anak,410
mengenai,410
kali,408
monsakti,407
kolom,406
direkam,406
pemerintah,405
misal,405
dikirim,403
kkp,402
gup,400
dicoba,400
ejafung,399
tahap,398
didaftarkan,398
this,398
dicek,397
alasan,397
akhir,396
dibantu,395
sertifikat,394
pinjaman,391
pertama,391
menanyakan,390
thr,389
merekam,387
pemda,387
coa,385
pembatalan,384
berubah,384
ikpa,381
lupa,380
info,380
browser,380
sms,379
kanan,376
direktur,375
logout,374
pemilik,373
jafung,373
role,372
tunai,371
penjelasan,369
skp,369
level,368
otp,368
covid,367
terdiri,366
perhatiannya,365
potongan,364
transfer,360
alamat,360
november,360
wrote,360
kesempatan,359
indonesia,358
berikan,358
mengingat,357
termasuk,356
mendaftarkan,355
fungsional,355
kerjasamanya,354
khusus,354
laman,353
september,353
pergantian,352
ditjen,352
kiranya,352
copy,352
pribadi,351
minus,350
amp,349
perhitungan,349
berkoordinasi,348
pesan,347
registrasi,347
induk,347
muhammad,347
biodata,347
batal,346
ayat,346
penambahan,345
sumber,345
lengkap,344
disetujui,344
kalau,343
rekonsiliasi,341
kuitansi,340
telp,339
bpp,337
tanggung,337
bagian,335
ketik,335
internet,334
sdh,334
nup,330
kecil,330
rincian,329
ketidaknyamananya,328
mana,327
pelaporan,327
diterima,327
pembelian,325
billing,324
kinerja,324
kdp,324
ditemukan,323
neraca,323
pengelola,323
cetakan,321
senilai,321
juta,318
juknis,318
apr,318
tindak,317
bayar,317
tata,317
sekarang,317
dasar,317
pelayanan,316
pojok,315
diubah,315
berlaku,315
void,315
kabupaten,313
tambahan,312
buat,311
agama,311
pengesahan,310
arahannya,309
pendapatan,308
berkenaan,308
dibuat,307
terbit,306
badan,304
segmen,302
mulai,302
pendidikan,302
ybs,302
terkena,302
informasinya,301
penyaluran,300
dak,299
bebas,299
otomatis,298
skpp,298
pengadaan,297
urutan,297
diatas,296
kondisi,296
luar,293
mengubah,291
gedung,290
perintah,286
adapun,286
batas,286
rpd,286
disediakan,286
fax,285
pmrt,284
simponi,284
kombinasi,284
that,284
penanya,283
register,282
one,282
tercatat,281
diinput,279
andademikian,279
lembur,279
approve,278
paste,277
syarat,276
dibuka,275
siap,275
ditolak,273
sen,272
timur,272
simbol,272
kedua,269
tampilan,269
diingat,268
tujuan,267
capture,266
agent,266
selalu,266
debitur,266
invoice,265
paling,264
memilih,263
pengiriman,263
instansi,263
komputer,262
verifikasi,262
memastikan,262
pekerjaan,261
tingkat,261
kosong,260
kontraktual,260
tombol,259
tercantum,258
beserta,257
dilaksanakan,257
pengembangan,257
bila,256
catat,256
honor,256
termin,256
wajib,255
terpusat,254
total,254
diteruskan,254
sub,254
statusnya,254
pastedimage,254
regards,253
love,253
lembaga,252
masa,252
pensiun,252
margin,251
another,251
bpk,250
imbau,250
dilampirkan,249
komponen,249
nrp,248
portal,248
nur,248
kan,246
diakses,245
kam,245
normalisasi,244
penyalur,243
backup,243
whatsapp,243
link,243
sitp,240
standar,240
jam,239
mencatat,239
sangat,238
internal,237
malam,237
konversi,237
orang,237
pengisian,236
tertolak,236
penginputan,236
kemarin,236
pencairan,235
contoh,234
and,234
dwi,234
daerah,234
penilaian,234
makan,233
pengadilan,233
pelaksana,233
semester,233
ajukan,232
kebijakan,232
menginput,232
modal,232
penyusunan,231
get,231
simak,229
disertai,228
merubah,227
diperlukan,227
database,226
bun,226
diatur,225
selaku,225
kpu,223
ketiga,223
disesuaikan,222
gunakan,222
nota,222
don,222
keterlambatan,221
versi,220
pemberian,220
kesehatan,220
important,220
susulan,219
perolehan,219
tempat,218
menyebabkan,217
petunjuknya,217
best,217
ditindaklanjuti,217
dicatat,216
sbb,216
kepegawaian,216
daftarkan,215
barat,215
keperluan,215
mendapat,214
dupak,214
online,213
retur,213
normal,212
ruh,212
balai,212
feb,212
jan,211
mpn,211
ditandatangani,211
diperbaiki,210
berapa,210
mutasi,210
pangkat,210
learn,210
jpg,209
rab,209
meminta,209
why,209
cukup,208
bangunan,208
sejak,208
muka,207
kartu,207
for,207
pos,207
often,207
dja,206
pembiayaan,206
diupload,205
melaksanakan,205
detil,205
diisi,204
spmkp,204
hingga,203
saiba,203
sel,203
operasional,203
jum,203
mengisi,202
disebutkan,202
persyaratan,202
kemungkinan,201
datanya,201
piutang,201
semula,200
foto,200
tersedia,200
kur,200
dibawah,199
submenu,199
kesediaannya,198
dulu,198
posisi,198
penghasilan,198
erekon,196
ntpn,196
penandatangan,196
jaringan,196
bkk,195
hak,194
ahmad,194
harap,194
have,194
mengganti,193
kurang,193
pasword,193
addendum,192
membuka,191
tanyakan,190
hilang,190
minta,189
penanganan,189
administrasi,189
bawah,189
uraian,188
dit,187
wib,187
rumah,187
tanya,187
berasal,186
jalan,186
push,186
tanjung,186
penjelasannya,185
disebabkan,185
terbaru,185
item,185
approver,184
ditutup,184
poin,182
terbaca,181
melihat,181
tertulis,181
import,181
kasi,180
diinformasikan,180
penggantian,180
pok,179
digipay,179
double,178
harian,177
dukung,177
jangan,177
pin,176
layar,176
kenaikan,176
dilanjutkan,176
rapat,176
indikator,175
mar,175
terkendala,175
rupiah,174
selatan,174
diminta,174
sekretariat,174
harga,174
permanen,173
nominal,173
terbentuk,173
are,173
pelatihan,172
petugas,172
nasional,171
dilihat,170
memerlukan,170
header,169
sent,169
dpp,169
utara,169
terusan,168
berarti,168
jpeg,168
can,168
sekali,167
pemutakhiran,167
suatu,167
perpanjangan,167
akibat,166
kasus,166
meninggal,166
pendetilan,166
tanda,165
pembukaan,165
aceh,165
download,164
opr,164
bri,164
diklat,164
calon,164
kebutuhan,163
penganggaran,163
dibebankan,163
manajemen,162
tinggi,162
bnt,162
hendak,162
tni,162
pengembang,162
prov,161
penarikan,161
pencerahannya,160
kalimantan,160
lihat,160
wpb,160
lingkup,160
dibatalkan,160
penetapan,160
diterbitkan,160
jun,160
dimohon,159
berkas,159
polres,159
berjalan,159
pilihan,158
tersebutdemikian,158
berpedoman,158
dibayar,158
usercode,157
berkala,157
beban,157
polri,156
reklas,156
nihil,155
kerjasama,155
paket,155
apk,153
nilainya,153
catatan,153
history,153
koordinasi,153
website,152
sesuaikan,152
tadi,151
nrs,151
hubungi,151
intranet,150
penyetoran,150
mesin,150
kelengkapan,149
tengah,149
syariah,149
jawa,148
assalamualaikum,148
kelebihan,148
jawabannya,148
makassar,148
konfirmasinya,148
beraktivitas,148
administrator,147
terselesaikan,147
edjpb,147
screen,147
masukan,146
koran,146
approval,146
kuasa,146
sipil,146
pendetailan,146
jaminan,145
merespon,145
terus,145
des,144
mencetak,144
telepon,144
besaran,143
balasan,143
formulir,143
peralatan,143
bpjs,143
maksimal,143
quot,142
mengecek,142
notif,142
pembantu,142
dipastikan,142
kemenag,142
tayl,142
kelompok,142
subjek,140
mendaftar,140
mengupload,140
subbidang,140
misalnya,139
tanah,139
subject,139
papua,139
pemulihan,138
eror,138
ditetapkan,138
mengetahui,138
penyamaan,138
dipilih,138
tautan,137
kelas,137
all,137
ref,137
akuntansi,136
server,136
setting,136
rencana,136
kpr,136
deviasi,135
perihal,135
tmt,135
menjawab,135
berisi,134
pengujian,134
pph,134
jul,134
pungutan,133
mungkin,133
iya,133
tepat,133
lunas,133
sri,133
dispensasi,132
akrual,132
menambah,132
triwulan,132
ragu,132
vera,131
perdirjen,131
alokasi,131
